{
  "case_name": "Polymarket Theo Cluster",
  "generated_at": "2026-04-24T06:46:00.559380+00:00",
  "wallets_analyzed": 3,
  "matches_public_reporting": true,
  "total_trades_analyzed": 12000,
  "total_trades_fetched": 12000,
  "unique_markets": 15,
  "aggregate_win_rate": 0.973333,
  "baseline_win_rate": 0.5,
  "p_value": 0.0,
  "p_value_scientific": "< 1e-300",
  "verdict": "Critical",
  "total_usdc_volume": 15440961.77,
  "timing_analysis": {
    "normalized_times_histogram": [
      1990,
      82,
      1926,
      1678,
      819,
      2868,
      848,
      621,
      20,
      1141
    ],
    "histogram_bins": [
      "[0.0, 0.1)",
      "[0.1, 0.2)",
      "[0.2, 0.3)",
      "[0.3, 0.4)",
      "[0.4, 0.5)",
      "[0.5, 0.6)",
      "[0.6, 0.7)",
      "[0.7, 0.8)",
      "[0.8, 0.9)",
      "[0.9, 1.0]"
    ],
    "pre_resolution_load_share": 0.0951,
    "volume_weighted_median_entry_time": 0.4863,
    "ks_vs_uniform": {
      "ks_statistic": 0.18709806582637956,
      "p_value": 0.0,
      "n": 11993
    },
    "total_timing_samples": 11993,
    "lifecycle_source": {
      "api": 0,
      "derived": 13
    },
    "interpretation": "Low: Timing distribution consistent with uniform/random entry",
    "pairwise_alignment": {
      "addresses": [
        "0x1f2dd6d473f3e824cd2f8a89d9c69fb96f6ad0cf",
        "0x56687bf447db6ffa42ffe2204a05edaa20f55839",
        "0x8119010a6e589062aa03583bb3f39ca632d9f887"
      ],
      "matrix": [
        [
          1.0,
          0.2941047511574075,
          0.5994200028935185
        ],
        [
          0.2941047511574075,
          1.0,
          0.0
        ],
        [
          0.5994200028935185,
          0.0,
          1.0
        ]
      ],
      "observed_mean": 0.2978,
      "null_mean": 0.2324,
      "null_std": 0.0023,
      "z_score": 28.89,
      "p_value": 0.0,
      "interpretation": "Cluster members trade in synchronized patterns 28.9\u03c3 above the null baseline."
    }
  },
  "cluster_analysis": {
    "graph_type": "exchange-anchor",
    "graph_nodes": 50,
    "graph_edges": 1225,
    "communities_found": 1,
    "modularity_score": 0.0,
    "all_seeds_in_same_community": true,
    "seed_community_size": 50,
    "candidate_wallets": [
      "0x000d257d2dc7616feaef4ae0f14600fdf50a758e",
      "0x012267b4a71f2df482223870e94c293d7c66d4ef",
      "0x02d2b4fb6e7b8176fe70a103304ae4cdeb8cff27",
      "0x033a07b3de5947eab4306676ad74eb546da30d50",
      "0x0435c4f3f81821697377c3e51445a5af8d217ffc",
      "0x051b16ffac0f10a8df96b93cc03facce011ea5e5",
      "0x0562c423912e325f83fa79df55085979e1f5594f",
      "0x0daf9707397575b67dc9eb152c9e6e3f7621662b",
      "0x10b30364936b03d26b3fd01a63d1f991454b40d4",
      "0x16f91db2592924cfed6e03b7e5cb5bb1e32299e3",
      "0x23786fdad0073692157c6d7dc81f281843a35fcb",
      "0x275575bb11522eb29f82fe0a601d7c4dc94b5016",
      "0x431552c3a89f647cd4ea1cf4980bb742eabd992c",
      "0x4bb5d3f54c76aa52f39d3150b2ea33293775942c",
      "0x571dbc37082936b2cb4a26e0d85ca835195d19d6",
      "0x5e0220909135c88382a2128e1e8ef1278567817e",
      "0x64f8d315efd2d03897a03985fc42719f56952daa",
      "0x6597282ce8d8b81904621e6f75c9f3882a3bca42",
      "0x683a1b9966af05467ce87a6af003e3544c13792c",
      "0x73f8dd50a114884493dbf4a5ea1503f96f348234",
      "0x748f8bc6db49da87f131e073f68aaefc4edbc80b",
      "0x78b9ac44a6d7d7a076c14e0ad518b301b63c6b76",
      "0x79cbcf5037d52c4adceb48757d8a5b013a7db270",
      "0x7bb5686910e22c4348265ab86e38b06f7579db04",
      "0x80c228786e4940904fccdd54999edce5d3cbec5e",
      "0x863134d00841b2e200492805a01e1e2f5defaa53",
      "0x885783760858e1bd5dd09a3c3f916cfa251ac270",
      "0x8ca5712e00cd8bab6d0accab3d8b524668e976bf",
      "0x8e5c0cc55cda93d6cae14becb3b738a44dcaa68a",
      "0x94a428cfa4f84b264e01f70d93d02bc96cb36356",
      "0x9d333d3122c0e38de533b2e59343a92df9e1fa02",
      "0xb64f848897508c6f9b76934953758e10fa6b76d4",
      "0xbbc7298464b536edc68ab5089d76d110efc9c2c1",
      "0xc3c3b3ef304ddbea39fa2246e683a71da5d0eec8",
      "0xc4439174a5d5f821e173ce86def1d86c3145f19f",
      "0xca23f2f702140b5245c517aef5cd9888a6320e77",
      "0xce0ebbbfb38babb8951c413f77a6e7d543a90d92",
      "0xd0c042c08f755ff940249f62745e82d356345565",
      "0xd235973291b2b75ff4070e9c0b01728c520b0f29",
      "0xd31a2ea0b5f9a10c2eb78dcc36df016497d5386e",
      "0xd456646742a36c1d92f0bacba8a38d5e69157e8f",
      "0xd59989db3f6162744d069e15d4e84c80225b6d72",
      "0xdb7513a3c54d579d64ee64c948c85d2f27620252",
      "0xe4c99e75306e0e1421b4712a21e8f90c47cd6ef7",
      "0xe5a565a0564dc54159e503ca74925835f00585c3",
      "0xed2239a9150c3920000d0094d28fa51c7db03dd0",
      "0xf9f5581d4d7a599b8e2f8d1b1b0e29ca0218227a"
    ]
  },
  "exchange_anchor_analysis": {
    "exchange_deposit": "0xd36ec33c8bed5a9f7b6630855f1533455b98a418",
    "shared_funder": "0x3a3bd7bb9528e159577f7c2e685cc81a765002e2",
    "shared_proxy": "0xb77b7aceea2011d56796591279a2062664dbf0a6",
    "total_cluster_size": 50,
    "seeds_found": 3,
    "candidates_surfaced": [
      "0xd235973291b2b75ff4070e9c0b01728c520b0f29",
      "0x683a1b9966af05467ce87a6af003e3544c13792c",
      "0x033a07b3de5947eab4306676ad74eb546da30d50",
      "0x885783760858e1bd5dd09a3c3f916cfa251ac270",
      "0x23786fdad0073692157c6d7dc81f281843a35fcb",
      "0xd0c042c08f755ff940249f62745e82d356345565",
      "0xed2239a9150c3920000d0094d28fa51c7db03dd0",
      "0x16f91db2592924cfed6e03b7e5cb5bb1e32299e3",
      "0x78b9ac44a6d7d7a076c14e0ad518b301b63c6b76",
      "0x94a428cfa4f84b264e01f70d93d02bc96cb36356",
      "0x863134d00841b2e200492805a01e1e2f5defaa53",
      "0x0562c423912e325f83fa79df55085979e1f5594f",
      "0x051b16ffac0f10a8df96b93cc03facce011ea5e5",
      "0x0daf9707397575b67dc9eb152c9e6e3f7621662b",
      "0x8ca5712e00cd8bab6d0accab3d8b524668e976bf"
    ],
    "cluster_wallets": {
      "0x000d257d2dc7616feaef4ae0f14600fdf50a758e": {
        "from_funder": 11808850.926274002,
        "to_exchange": 801000.0,
        "is_seed": false
      },
      "0x012267b4a71f2df482223870e94c293d7c66d4ef": {
        "from_funder": 754137.889984,
        "to_exchange": 754137.890863,
        "is_seed": false
      },
      "0x02d2b4fb6e7b8176fe70a103304ae4cdeb8cff27": {
        "from_funder": 692085.623879,
        "to_exchange": 782090.900007,
        "is_seed": false
      },
      "0x033a07b3de5947eab4306676ad74eb546da30d50": {
        "from_funder": 7410403.556836,
        "to_exchange": 7410429.480278,
        "is_seed": false
      },
      "0x0435c4f3f81821697377c3e51445a5af8d217ffc": {
        "from_funder": 529452.964856,
        "to_exchange": 529453.31509,
        "is_seed": false
      },
      "0x051b16ffac0f10a8df96b93cc03facce011ea5e5": {
        "from_funder": 3170053.624256,
        "to_exchange": 3170066.0,
        "is_seed": false
      },
      "0x0562c423912e325f83fa79df55085979e1f5594f": {
        "from_funder": 4257062.729405,
        "to_exchange": 3439757.369224,
        "is_seed": false
      },
      "0x0daf9707397575b67dc9eb152c9e6e3f7621662b": {
        "from_funder": 2851603.725376,
        "to_exchange": 2851747.461701,
        "is_seed": false
      },
      "0x10b30364936b03d26b3fd01a63d1f991454b40d4": {
        "from_funder": 1511863.7481219997,
        "to_exchange": 792881.32,
        "is_seed": false
      },
      "0x16f91db2592924cfed6e03b7e5cb5bb1e32299e3": {
        "from_funder": 9071608.894338,
        "to_exchange": 6138969.16081,
        "is_seed": false
      },
      "0x1f2dd6d473f3e824cd2f8a89d9c69fb96f6ad0cf": {
        "from_funder": 44741422.00258999,
        "to_exchange": 25362453.238693997,
        "is_seed": true
      },
      "0x23786fdad0073692157c6d7dc81f281843a35fcb": {
        "from_funder": 10614582.618774999,
        "to_exchange": 6563368.812914,
        "is_seed": false
      },
      "0x275575bb11522eb29f82fe0a601d7c4dc94b5016": {
        "from_funder": 1175590.0177339998,
        "to_exchange": 760432.46,
        "is_seed": false
      },